{"stats":{"minecraft:killed_by":{"riskofrain_mobs:stone_golem_entity":29,"minecraft:creeper":2,"minecraft:zombie":1,"minecraft:husk":1,"minecraft:enderman":1,"irons_spellbooks:necromancer":5,"riskofrain_mobs:lemurian_entity":1,"minecraft:skeleton":4},"minecraft:used":{"minecraft:moss_block":1,"minecraft:iron_shovel":510,"chiselsandbits:chiseled_block":17,"minecraft:ladder":480,"minecraft:chest":11,"minecraft:shield":33,"minecraft:iron_sword":397,"minecraft:stone":1,"minecraft:quartz_stairs":2,"minecraft:player_head":2,"minecraft:rotten_flesh":1,"minecraft:iron_chestplate":1,"minecraft:jungle_planks":83,"travelersbackpack:iron":10,"minecraft:tuff":8,"minecraft:obsidian":36,"minecraft:stripped_spruce_log":1,"eternal_tales:gold_chain":1,"minecraft:lava_bucket":1,"minecraft:iron_helmet":1,"minecraft:stone_brick_stairs":93,"eternal_tales:stonecute":2,"minecraft:stone_bricks":1715,"minecraft:scaffolding":454,"minecraft:furnace":20,"minecraft:egg":3,"minecraft:potato":175,"minecraft:golden_boots":1,"minecraft:leather_leggings":1,"eternal_tales:growing_skill_stone":1,"minecraft:stone_pickaxe":262,"minecraft:oak_planks":12,"minecraft:wooden_pickaxe":5,"minecraft:leather_chestplate":1,"eternal_tales:stress_pills":1,"minecraft:golden_apple":1,"minecraft:stone_brick_wall":83,"minecraft:shears":68,"minecraft:melon_slice":83,"minecraft:bread":7,"eternal_tales:starter_kit":1,"minecraft:gravel":1,"eternal_tales:speech_skill_stone":4,"minecraft:smithing_table":1,"minecraft:chain":16,"minecraft:coarse_dirt":1,"eternal_tales:copper_sword":3,"minecraft:oak_fence":6,"minecraft:jungle_leaves":14,"minecraft:stone_sword":143,"minecraft:enchanting_table":2,"minecraft:flint_and_steel":2,"minecraft:stone_shovel":135,"minecraft:spruce_planks":511,"minecraft:stone_hoe":80,"minecraft:orange_bed":5,"minecraft:torch":127,"minecraft:dirt":167,"minecraft:anvil":2,"minecraft:spruce_stairs":227,"eternal_tales:charged_copper_sword":10,"minecraft:oak_fence_gate":2,"minecraft:stone_brick_slab":49,"minecraft:iron_axe":830,"minecraft:iron_boots":4,"minecraft:bamboo":37,"minecraft:diamond_chestplate":2,"travelersbackpack:ocelot":1,"minecraft:cooked_beef":3,"minecraft:cobbled_deepslate":19,"minecraft:iron_leggings":1,"minecraft:wheat_seeds":21,"minecraft:cooked_mutton":1,"minecraft:water_bucket":49,"minecraft:iron_ore":122,"minecraft:baked_potato":257,"minecraft:stonecutter":2,"minecraft:green_bed":3,"minecraft:leather_boots":1,"minecraft:oak_slab":27,"minecraft:crafting_table":4,"minecraft:white_bed":1,"duneons:anvilwithhammer":1,"minecraft:spruce_log":118,"minecraft:purple_stained_glass":201,"minecraft:oak_log":9,"duneons:firepumkin":1,"eternal_tales:skill_stone_catching":1,"minecraft:diamond_pickaxe":62,"minecraft:flower_pot":1,"minecraft:apple":2,"minecraft:iron_pickaxe":2329,"minecraft:leather_helmet":1,"duneons:pumpkingrassblock":3,"minecraft:spruce_sapling":45,"minecraft:stone_axe":282,"minecraft:cobblestone":326,"travelersbackpack:standard":17,"minecraft:cooked_porkchop":3,"minecraft:jungle_door":1,"minecraft:bucket":55,"minecraft:jukebox":2},"minecraft:broken":{"minecraft:iron_shovel":2,"minecraft:iron_boots":1,"minecraft:iron_leggings":2,"minecraft:stone_pickaxe":2,"minecraft:stone_axe":2,"minecraft:stone_shovel":1,"minecraft:leather_helmet":1,"minecraft:stone_sword":1,"minecraft:shield":1,"minecraft:iron_axe":3,"minecraft:iron_pickaxe":8,"minecraft:iron_helmet":1},"minecraft:crafted":{"minecraft:oak_planks":276,"travelersbackpack:iron":1,"botania:purple_petal":12,"minecraft:chain":18,"minecraft:stone":1717,"minecraft:cooked_mutton":2,"minecraft:glass":352,"minecraft:melon_seeds":1,"minecraft:chest":10,"minecraft:stone_bricks":980,"minecraft:oak_fence":21,"minecraft:oak_slab":24,"eternal_tales:stonecute":2,"minecraft:crafting_table":2,"minecraft:spruce_planks":1156,"travelersbackpack:standard":1,"minecraft:baked_potato":323,"minecraft:iron_helmet":1,"minecraft:smithing_table":1,"minecraft:copper_ingot":5,"minecraft:stone_brick_stairs":4,"minecraft:purple_dye":40,"minecraft:diamond_pickaxe":1,"minecraft:shield":3,"minecraft:stick":1108,"minecraft:light_blue_dye":4,"minecraft:iron_ingot":65,"minecraft:iron_pickaxe":9,"minecraft:gold_ingot":4,"minecraft:shears":1,"eternal_tales:stone_stick":4,"minecraft:redstone":9,"minecraft:raw_iron":9,"minecraft:stone_brick_wall":12,"minecraft:jukebox":1,"minecraft:iron_nugget":36,"minecraft:furnace":12,"botania:blue_petal":14,"minecraft:flint_and_steel":1,"minecraft:scaffolding":54,"minecraft:spruce_stairs":256,"travelersbackpack:white_sleeping_bag":1,"minecraft:iron_axe":4,"minecraft:ladder":456,"minecraft:stone_pickaxe":2,"botania:light_blue_petal":4,"minecraft:cooked_beef":3,"minecraft:red_dye":18,"eternal_tales:copper_sword":1,"minecraft:purple_stained_glass":248,"minecraft:enchanting_table":1,"travelersbackpack:backpack_tank":2,"minecraft:iron_sword":1,"minecraft:bucket":1,"minecraft:stone_axe":1,"minecraft:jungle_planks":300,"minecraft:air":0,"minecraft:blue_dye":14,"minecraft:oak_fence_gate":2,"minecraft:jungle_door":3,"minecraft:white_wool":2,"chiselsandbits:chisel_iron":2,"minecraft:iron_shovel":2,"minecraft:stonecutter":2,"minecraft:torch":112},"minecraft:picked_up":{"eternal_tales:karst_stone":2,"minecraft:redstone_block":1,"minecraft:anvil":1,"minecraft:flower_pot":1,"duneons:junglefern":1,"minecraft:stone_brick_stairs":41,"botania:light_blue_double_flower":1,"vampirism:armor_of_swiftness_head_ultimate":1,"eternal_tales:growing_skill_stone":1,"minecraft:string":15,"minecraft:raw_copper":29,"eternal_tales:stress_pills":2,"minecraft:cobbled_deepslate":198,"minecraft:gold_nugget":8,"minecraft:spruce_planks":64,"minecraft:melon_slice":84,"minecraft:furnace":8,"eternal_tales:starter_kit":1,"minecraft:stick":63,"minecraft:jukebox":1,"minecraft:torch":22,"botania:yellow_mystical_flower":1,"minecraft:green_bed":3,"minecraft:spruce_stairs":20,"minecraft:porkchop":6,"eternal_tales:skill_stone_catching":1,"vampirism:amulet":2,"minecraft:orange_bed":6,"travelersbackpack:iron":1,"duneons:firepumkin":1,"botania:white_mystical_flower":1,"eternal_tales:totem_of_eternal_darkness":1,"minecraft:rotten_flesh":38,"vampirism:hunter_coat_feet_ultimate":1,"botania:blue_double_flower":1,"minecraft:obsidian":50,"minecraft:snowball":2,"minecraft:cobblestone":1580,"minecraft:enchanting_table":2,"vampirism:vampire_book":1,"minecraft:feather":6,"minecraft:jungle_log":83,"duneons:mossdirtpumpkin":19,"minecraft:potato":427,"travelersbackpack:ocelot":1,"eternal_tales:rayana_bricks":9,"minecraft:flint":7,"minecraft:tuff":86,"eternal_tales:tea_seeds":3,"minecraft:dirt":235,"eternal_tales:gold_chain":1,"minecraft:bone":16,"chiselsandbits:chiseled_block":35,"minecraft:wheat_seeds":30,"botania:purple_mystical_flower":6,"minecraft:moss_block":24,"minecraft:bamboo":181,"minecraft:stone_hoe":1,"minecraft:oak_planks":123,"duneons:anvilwithhammer":1,"minecraft:cooked_porkchop":3,"duneons:beehive_chestplate":1,"minecraft:sand":352,"minecraft:jungle_planks":7,"minecraft:stripped_spruce_log":1,"vampirism:hunter_coat_chest_ultimate":1,"minecraft:mossy_cobblestone":4,"minecraft:jungle_leaves":43,"eternal_tales:ectoplasm":3,"minecraft:diamond":2,"eternal_tales:terra_shard":8,"eternal_tales:anthurium":2,"duneons:pumpkingrassblock":3,"minecraft:emerald":9,"minecraft:rooted_dirt":11,"minecraft:oak_sapling":46,"minecraft:netherrack":37,"eternal_tales:raw_chlorine":5,"minecraft:coarse_dirt":20,"minecraft:cocoa_beans":7,"minecraft:crafting_table":3,"minecraft:chicken":2,"minecraft:ladder":33,"duneons:swamplog":16,"minecraft:stone_brick_wall":26,"minecraft:chain":2,"gravestone:obituary":28,"minecraft:shield":2,"minecraft:iron_shovel":1,"botania:magenta_mystical_flower":3,"minecraft:blackstone":8,"minecraft:beef":4,"eternal_tales:limestone_rock":4,"minecraft:player_head":2,"minecraft:jungle_sapling":7,"minecraft:poppy":20,"minecraft:lectern":1,"minecraft:quartz_stairs":2,"minecraft:sugar_cane":8,"minecraft:chest":2,"minecraft:phantom_membrane":5,"minecraft:egg":6,"minecraft:raw_iron":194,"minecraft:stone":80,"minecraft:copper_ingot":1,"minecraft:redstone":2,"minecraft:dark_oak_planks":3,"minecraft:arrow":11,"duneons:beehive_helmet":2,"eternal_tales:pyroxenite":10,"botania:blue_mystical_flower":5,"minecraft:saddle":1,"minecraft:mutton":2,"eternal_tales:rayana_glowstone":2,"minecraft:skeleton_skull":1,"minecraft:white_wool":1,"eternal_tales:heart_et":1,"vampirism:item_tent":1,"eternal_tales:speech_skill_stone":4,"minecraft:leather":3,"minecraft:oak_log":78,"minecraft:chainmail_chestplate":1,"vampirism:armor_of_swiftness_legs_ultimate":1,"minecraft:golden_boots":1,"minecraft:gunpowder":5,"botania:light_blue_mystical_flower":2,"minecraft:apple":6,"minecraft:stone_bricks":79,"minecraft:iron_ingot":2,"minecraft:stone_pickaxe":2,"minecraft:iron_sword":3,"minecraft:scaffolding":451,"minecraft:oak_slab":3,"minecraft:pumpkin":8,"minecraft:stone_brick_slab":28,"minecraft:raw_iron_block":1,"minecraft:gravel":38,"minecraft:spruce_sapling":57,"minecraft:white_bed":1,"minecraft:spruce_log":507,"minecraft:spider_eye":5,"eternal_tales:bronze_coin":17,"minecraft:stone_axe":1,"botania:orange_mystical_flower":2,"minecraft:baked_potato":64,"minecraft:coal":265,"minecraft:ender_pearl":1},"minecraft:dropped":{"minecraft:iron_sword":2,"minecraft:moss_block":3,"minecraft:baked_potato":24,"minecraft:glass_bottle":1,"minecraft:rooted_dirt":1,"eternal_tales:anthurium":2,"travelersbackpack:standard":1,"minecraft:leather_helmet":1,"minecraft:flint":2,"eternal_tales:totem_of_eternal_darkness":1,"eternal_tales:stonecute":1,"minecraft:snowball":2,"gravestone:obituary":69,"minecraft:gold_nugget":14,"minecraft:dark_oak_planks":3,"chiselsandbits:block_bit":4610,"travelersbackpack:ocelot":1,"minecraft:stone_axe":1,"minecraft:iron_nugget":6,"minecraft:rotten_flesh":10,"vampirism:blood_bottle":1,"minecraft:oak_planks":120,"minecraft:cooked_mutton":1,"minecraft:chainmail_chestplate":2,"minecraft:poppy":1,"minecraft:leather_chestplate":1,"vampirism:vampire_fang":1,"minecraft:jungle_log":2,"minecraft:leather_boots":1,"minecraft:leather_leggings":1,"duneons:beehive_helmet":2,"minecraft:arrow":1,"minecraft:glass":17,"minecraft:bread":5,"minecraft:iron_ingot":2,"minecraft:stone_hoe":2,"minecraft:golden_boots":1,"eternal_tales:stress_pills":1,"minecraft:wheat_seeds":2,"vampirism:vampire_book":1,"minecraft:iron_helmet":2,"minecraft:cobblestone":1,"vampirism:amulet":3,"minecraft:coal":1,"eternal_tales:raw_chlorine":1,"duneons:beehive_chestplate":1,"minecraft:jungle_door":2,"minecraft:iron_leggings":1,"minecraft:orange_bed":1,"minecraft:coarse_dirt":2,"vampirism:obi_belt":1,"minecraft:chicken":1,"minecraft:iron_boots":2,"minecraft:light_blue_dye":4,"minecraft:shield":3,"minecraft:spruce_planks":2,"minecraft:iron_chestplate":2,"minecraft:stone_bricks":44,"minecraft:bamboo":7,"chiselsandbits:chiseled_block":18,"minecraft:stone_pickaxe":2,"minecraft:wooden_pickaxe":1,"duneons:junglefern":1,"botania:magenta_mystical_flower":3},"minecraft:custom":{"lootr:looted_stat":26,"minecraft:interact_with_crafting_table":17,"minecraft:leave_game":9,"minecraft:time_since_death":56862,"minecraft:damage_resisted":190,"minecraft:sprint_one_cm":1349072,"minecraft:damage_blocked_by_shield":2505,"minecraft:drop":308,"minecraft:play_time":740400,"minecraft:deaths":50,"minecraft:jump":10455,"minecraft:walk_on_water_one_cm":128106,"minecraft:enchant_item":1,"minecraft:interact_with_furnace":374,"minecraft:sleep_in_bed":15,"minecraft:damage_dealt":26224,"minecraft:player_kills":2,"minecraft:crouch_one_cm":114346,"minecraft:inspect_dispenser":1,"minecraft:interact_with_smithing_table":6,"minecraft:horse_one_cm":1197994,"minecraft:interact_with_anvil":2,"minecraft:mob_kills":116,"minecraft:damage_dealt_resisted":195,"minecraft:climb_one_cm":337975,"minecraft:walk_one_cm":2082547,"minecraft:sneak_time":54992,"minecraft:walk_under_water_one_cm":21387,"minecraft:total_world_time":740400,"minecraft:interact_with_stonecutter":14,"minecraft:time_since_rest":56883,"minecraft:damage_taken":28410,"minecraft:damage_absorbed":40,"minecraft:swim_one_cm":61782,"minecraft:fly_one_cm":1441361,"minecraft:open_chest":364,"minecraft:fall_one_cm":403921},"minecraft:killed":{"vampirism:vampire":2,"minecraft:cave_spider":5,"minecraft:zombified_piglin":1,"vampirism:advanced_vampire":1,"minecraft:spider":7,"minecraft:skeleton":10,"minecraft:chicken":1,"minecraft:skeleton_horse":1,"minecraft:pig":3,"minecraft:zombie_villager":1,"riskofrain_mobs:lemurian_entity":5,"minecraft:creeper":4,"minecraft:sheep":1,"minecraft:pillager":1,"minecraft:zombie":23,"eternal_tales:spirit":2,"minecraft:cow":4,"eternal_tales:sunflower_spider":2,"minecraft:phantom":12,"minecraft:husk":7,"eternal_tales:flower_zombie":5,"riskofrain_mobs:stone_golem_entity":2,"minecraft:enderman":1},"minecraft:mined":{"minecraft:dark_oak_planks":3,"eternal_tales:deepslate_chlorine_ore":2,"minecraft:spruce_planks":80,"minecraft:white_bed":1,"minecraft:jungle_leaves":75,"minecraft:obsidian":53,"minecraft:stone_brick_wall":27,"minecraft:grass_block":43,"minecraft:jungle_log":82,"minecraft:spawner":2,"minecraft:raw_iron_block":1,"botania:purple_mystical_flower":6,"minecraft:iron_ore":167,"minecraft:cobbled_deepslate":3,"minecraft:fire":5,"minecraft:pumpkin":8,"minecraft:anvil":1,"minecraft:enchanting_table":2,"duneons:firepumkin":1,"eternal_tales:chlorine_ore":2,"botania:light_blue_mystical_flower":2,"minecraft:player_head":1,"minecraft:tripwire":2,"minecraft:green_bed":2,"minecraft:orange_bed":6,"botania:orange_mystical_flower":2,"duneons:pumpkingrassblock":3,"duneons:mossdirtpumpkin":19,"minecraft:torch":13,"minecraft:poppy":18,"minecraft:melon":17,"minecraft:chest":6,"minecraft:mushroom_stem":5,"minecraft:cobblestone":186,"botania:blue_mystical_flower":5,"duneons:junglefern":1,"minecraft:oak_planks":3,"minecraft:sugar_cane":5,"eternal_tales:rayana_glowstone":2,"botania:blue_double_flower":1,"eternal_tales:speech_skill_stone":4,"minecraft:wall_torch":8,"minecraft:skeleton_skull":1,"minecraft:chain":2,"duneons:apple":3,"minecraft:jukebox":1,"minecraft:stone_brick_stairs":43,"minecraft:grass":178,"minecraft:oak_log":78,"minecraft:sand":353,"minecraft:dirt":172,"minecraft:netherrack":37,"minecraft:oak_leaves":9,"minecraft:deepslate":195,"minecraft:tuff":86,"minecraft:quartz_stairs":2,"minecraft:mossy_cobblestone":4,"minecraft:deepslate_diamond_ore":2,"minecraft:ladder":33,"gravestone:gravestone":50,"eternal_tales:karst_stone":2,"minecraft:spruce_leaves":40,"eternal_tales:pyroxenite":10,"minecraft:moss_block":23,"minecraft:rooted_dirt":11,"botania:magenta_mystical_flower":1,"duneons:anvilwithhammer":1,"minecraft:furnace":9,"duneons:redstonecrystal_3":1,"minecraft:snow":1,"minecraft:andesite":1,"minecraft:stripped_spruce_log":1,"eternal_tales:gold_chain":1,"duneons:swamplog":16,"minecraft:potatoes":145,"minecraft:deepslate_iron_ore":12,"minecraft:vine":14,"eternal_tales:rayana_bricks":9,"eternal_tales:limestone":4,"minecraft:bamboo":68,"minecraft:stone":1431,"botania:light_blue_double_flower":1,"eternal_tales:growing_skill_stone":1,"minecraft:podzol":1,"minecraft:oak_slab":2,"minecraft:scaffolding":185,"minecraft:stone_brick_slab":28,"vampirism:tent_main":1,"minecraft:crafting_table":4,"minecraft:emerald_ore":7,"minecraft:lectern":1,"minecraft:copper_ore":9,"minecraft:tall_grass":6,"minecraft:deepslate_coal_ore":1,"minecraft:spruce_stairs":23,"minecraft:coarse_dirt":20,"eternal_tales:skill_stone_catching":1,"minecraft:purple_stained_glass":2,"minecraft:ice":1,"minecraft:spruce_log":507,"botania:white_mystical_flower":1,"minecraft:coal_ore":231,"botania:yellow_mystical_flower":1,"minecraft:cocoa":1,"minecraft:gravel":44,"minecraft:flower_pot":1,"minecraft:stone_bricks":36,"minecraft:deepslate_emerald_ore":1,"minecraft:fern":77}},"DataVersion":3465}