{"stats":{"minecraft:killed_by":{"riskofrain_mobs:stone_golem_entity":1,"minecraft:creeper":1,"eternal_tales:spirit":1,"riskofrain_mobs:lemurian_entity":1,"minecraft:skeleton":4,"minecraft:zombie":1,"duneons:necromancer":1},"minecraft:used":{"minecraft:moss_block":2,"minecraft:stone_sword":6,"minecraft:ladder":42,"minecraft:chest":3,"eternal_tales:gold_lantern":4,"minecraft:iron_sword":6,"botania:black_mystical_flower":2,"minecraft:stone_hoe":11,"minecraft:torch":5,"minecraft:brewing_stand":1,"minecraft:dirt":25,"minecraft:carrot":24,"vampirism:item_tent":1,"minecraft:furnace":1,"minecraft:potato":16,"minecraft:cobbled_deepslate":5,"minecraft:brown_bed":1,"minecraft:pointed_dripstone":3,"minecraft:cooked_mutton":1,"minecraft:water_bucket":80,"minecraft:leather_leggings":1,"minecraft:stone_pickaxe":437,"minecraft:baked_potato":12,"minecraft:leather_chestplate":1,"minecraft:wooden_pickaxe":9,"minecraft:cobblestone_slab":1,"minecraft:leather_boots":1,"minecraft:cookie":1,"minecraft:crafting_table":3,"duneons:firepumkin":1,"minecraft:apple":2,"minecraft:bread":1,"minecraft:melon_slice":8,"duneons:trophy_shield":1,"minecraft:iron_pickaxe":46,"eternal_tales:starter_kit":2,"minecraft:leather_helmet":1,"minecraft:stone_slab":3,"eternal_tales:speech_skill_stone":1,"minecraft:stone_axe":48,"minecraft:jungle_sign":2,"minecraft:cobblestone":65,"minecraft:bucket":82},"minecraft:broken":{"minecraft:stone_pickaxe":3},"minecraft:crafted":{"minecraft:oak_planks":64,"minecraft:cobblestone_slab":6,"duneons:trophy_shield":1,"minecraft:furnace":1,"minecraft:stone":3,"minecraft:iron_boots":1,"minecraft:ladder":51,"minecraft:stone_pickaxe":6,"minecraft:chest":3,"minecraft:stone_hoe":1,"minecraft:crafting_table":1,"minecraft:baked_potato":12,"minecraft:wooden_pickaxe":1,"minecraft:iron_helmet":1,"minecraft:iron_sword":1,"minecraft:bucket":3,"minecraft:birch_planks":24,"minecraft:stone_axe":1,"minecraft:air":0,"minecraft:jungle_planks":16,"minecraft:iron_chestplate":1,"minecraft:stick":144,"minecraft:stone_slab":6,"minecraft:iron_ingot":10,"minecraft:iron_pickaxe":1,"minecraft:iron_leggings":1,"minecraft:torch":56},"minecraft:picked_up":{"minecraft:crafting_table":2,"duneons:cauidron":1,"minecraft:redstone_block":5,"botania:white_mushroom":1,"minecraft:ladder":1,"minecraft:clay_ball":8,"minecraft:stone_slab":2,"minecraft:brown_bed":2,"minecraft:potion":1,"gravestone:obituary":4,"minecraft:brewing_stand":1,"duneons:coin":3,"minecraft:raw_copper":14,"eternal_tales:stress_pills":1,"minecraft:cobbled_deepslate":8,"minecraft:cobblestone_slab":1,"minecraft:azalea":3,"eternal_tales:starter_kit":1,"minecraft:stick":9,"minecraft:raw_iron":17,"duneons:pumpkinscarecrow":1,"eternal_tales:quest_bag":1,"minecraft:torch":8,"eternal_tales:raw_quinine":18,"duneons:statue_ocelot":1,"minecraft:cookie":1,"minecraft:pointed_dripstone":3,"minecraft:carrot":14,"minecraft:redstone":11,"minecraft:jungle_sign":2,"duneons:firepumkin":1,"duneons:rug_3":1,"minecraft:rotten_flesh":2,"eternal_tales:heart_et":1,"minecraft:cobblestone":352,"minecraft:birch_log":6,"eternal_tales:gold_lantern":4,"vampirism:item_tent":1,"eternal_tales:speech_skill_stone":1,"minecraft:jungle_log":4,"minecraft:potato":35,"minecraft:oak_log":26,"minecraft:golden_boots":1,"minecraft:gunpowder":1,"minecraft:lapis_lazuli":6,"minecraft:dirt":28,"botania:black_mystical_flower":2,"eternal_tales:gold_chain":4,"minecraft:apple":1,"minecraft:stone_pickaxe":1,"minecraft:glass_bottle":2,"minecraft:moss_block":2,"minecraft:oak_planks":1,"minecraft:sweet_berries":3,"minecraft:spruce_log":5,"minecraft:sugar":3,"eternal_tales:terra_shard":2,"duneons:fishnet_hung":1,"minecraft:bread":1,"minecraft:emerald":1,"minecraft:oak_sapling":5,"minecraft:coal":47,"eternal_tales:raw_chlorine":18,"minecraft:mangrove_propagule":1},"minecraft:dropped":{"vampirism:item_garlic":1,"minecraft:glass_bottle":2,"minecraft:mangrove_propagule":1,"eternal_tales:totem_of_eternal_darkness":1,"eternal_tales:raw_chlorine":1,"minecraft:torch":4,"eternal_tales:raw_quinine":17,"gravestone:obituary":14,"minecraft:sweet_berries":3,"minecraft:clay_ball":4,"minecraft:azalea":3,"minecraft:stone_pickaxe":1,"minecraft:wooden_pickaxe":2},"minecraft:custom":{"lootr:looted_stat":1,"minecraft:mob_kills":3,"minecraft:interact_with_crafting_table":24,"minecraft:leave_game":2,"minecraft:time_since_death":0,"minecraft:climb_one_cm":40047,"minecraft:sprint_one_cm":266254,"minecraft:walk_one_cm":468621,"minecraft:drop":31,"minecraft:play_time":167340,"minecraft:deaths":12,"minecraft:sneak_time":4846,"minecraft:walk_under_water_one_cm":54611,"minecraft:jump":2682,"minecraft:interact_with_brewingstand":1,"minecraft:walk_on_water_one_cm":25966,"minecraft:total_world_time":167340,"vampirism:altar_of_inspiration_rituals_performed":3,"minecraft:interact_with_furnace":27,"minecraft:sleep_in_bed":3,"minecraft:time_since_rest":5229,"minecraft:waystone_activated":1,"minecraft:damage_taken":4229,"minecraft:damage_dealt":998,"minecraft:swim_one_cm":62687,"minecraft:fly_one_cm":297823,"minecraft:player_kills":1,"minecraft:open_chest":110,"minecraft:crouch_one_cm":11449,"minecraft:fall_one_cm":99534},"minecraft:killed":{"minecraft:witch":1,"minecraft:creeper":1},"minecraft:mined":{"eternal_tales:deepslate_chlorine_ore":1,"duneons:bluevangardvase":1,"duneons:statue_ocelot":1,"minecraft:brewing_stand":1,"gravestone:gravestone":7,"duneons:red_stonecrystal_2":1,"minecraft:ladder":1,"minecraft:grass_block":8,"duneons:rug_3":1,"minecraft:jungle_log":5,"minecraft:moss_block":2,"minecraft:frosted_ice":4,"minecraft:mangrove_propagule":1,"minecraft:rooted_dirt":1,"duneons:pumpkinscarecrow":1,"minecraft:carrots":4,"minecraft:iron_ore":9,"botania:white_mushroom":1,"minecraft:deepslate_lapis_ore":1,"vampirism:tent":1,"minecraft:brown_bed":2,"eternal_tales:gold_chain":4,"duneons:firepumkin":1,"minecraft:pointed_dripstone":1,"minecraft:potatoes":14,"minecraft:vine":6,"minecraft:deepslate_iron_ore":7,"minecraft:cobblestone_slab":1,"eternal_tales:chlorine_ore":7,"minecraft:azalea":3,"minecraft:stone":346,"minecraft:podzol":2,"duneons:fishnet_hung":1,"eternal_tales:gold_lantern_top":4,"minecraft:redstone_block":5,"minecraft:glass_pane":1,"minecraft:clay":1,"minecraft:crafting_table":2,"minecraft:stone_slab":3,"minecraft:tall_grass":1,"eternal_tales:deepslate_quinine_ore":18,"minecraft:cobblestone":12,"minecraft:copper_ore":3,"minecraft:oak_planks":1,"botania:black_mystical_flower":2,"eternal_tales:speech_skill_stone":1,"minecraft:wall_torch":3,"minecraft:deepslate_copper_ore":1,"minecraft:birch_log":6,"minecraft:sweet_berry_bush":1,"minecraft:spruce_log":5,"minecraft:mangrove_leaves":5,"duneons:cauidron":1,"minecraft:grass":8,"minecraft:coal_ore":43,"minecraft:oak_log":27,"minecraft:dirt":18,"duneons:redstonedusts":1,"minecraft:deepslate":8,"minecraft:oak_leaves":11,"minecraft:fern":2}},"DataVersion":3465}