{"stats":{"minecraft:custom":{"vampirism:interact_with_altar_of_infusion":2,"minecraft:interact_with_crafting_table":63,"minecraft:open_barrel":12,"minecraft:eat_cake_slice":7,"minecraft:leave_game":26,"minecraft:time_since_death":67618,"minecraft:damage_blocked_by_shield":2475,"minecraft:play_time":1229542,"minecraft:deaths":30,"minecraft:jump":19044,"minecraft:interact_with_furnace":124,"minecraft:interact_with_cartography_table":1,"vampirism:action_used_bat":34,"minecraft:sleep_in_bed":14,"vampirism:actions_used":44,"vampirism:action_used_regen":10,"minecraft:damage_dealt":42230,"minecraft:inspect_dispenser":10,"minecraft:interact_with_smithing_table":8,"minecraft:inspect_dropper":8,"minecraft:interact_with_anvil":2,"vampirism:action_time_bat":22204,"vampirism:amount_bitten":302,"vampirism:action_time_regen":2899,"minecraft:sneak_time":11160,"minecraft:interact_with_blast_furnace":2,"minecraft:total_world_time":1229542,"vampirism:blood_drunk":67800,"minecraft:tune_noteblock":2,"minecraft:interact_with_stonecutter":3,"minecraft:time_since_rest":67781,"vampirism:resurrected":33,"minecraft:swim_one_cm":714642,"minecraft:fly_one_cm":3253178,"minecraft:open_chest":385,"minecraft:fall_one_cm":481037,"lootr:looted_stat":146,"minecraft:damage_resisted":111,"minecraft:sprint_one_cm":3525828,"minecraft:drop":237,"minecraft:play_noteblock":11,"minecraft:talked_to_villager":6,"minecraft:interact_with_brewingstand":2,"minecraft:walk_on_water_one_cm":169365,"vampirism:altar_of_inspiration_rituals_performed":48,"minecraft:open_enderchest":1,"minecraft:crouch_one_cm":18411,"minecraft:mob_kills":281,"minecraft:damage_dealt_resisted":580,"minecraft:climb_one_cm":170306,"minecraft:walk_one_cm":2099982,"vampirism:skills_unlocked":40,"vampirism:interact_with_altar_inspiration":30,"minecraft:walk_under_water_one_cm":282670,"minecraft:damage_taken":222158,"minecraft:damage_absorbed":654},"minecraft:killed":{"vampirism:vampire":6,"minecraft:cave_spider":3,"vampirism:advanced_vampire":2,"minecraft:skeleton":9,"minecraft:chicken":3,"minecraft:parrot":1,"riskofrain_mobs:lemurian_entity":12,"minecraft:salmon":3,"minecraft:pillager":17,"minecraft:zombie":16,"eternal_tales:spirit":5,"minecraft:glow_squid":1,"minecraft:cow":12,"minecraft:vindicator":5,"duneons:slimetropical":3,"minecraft:husk":4,"minecraft:frog":1,"eternal_tales:flea":1,"irons_spellbooks:pyromancer":1,"minecraft:spider":14,"duneons:sunkenskeletonyellow":2,"irons_spellbooks:summoned_skeleton":1,"minecraft:pig":2,"minecraft:creeper":2,"vampirism:hunter":2,"minecraft:sheep":1,"duneons:sunkenskeletonred":4,"eternal_tales:sunflower_spider":3,"eternal_tales:squindine":12,"minecraft:phantom":5,"duneons:babykeyblue":1,"minecraft:drowned":17,"duneons:wraithattack":1,"minecraft:squid":2,"eternal_tales:flower_zombie":6,"duneons:sunkenskeleton":1,"riskofrain_mobs:stone_golem_entity":2},"minecraft:broken":{"minecraft:iron_leggings":1,"minecraft:stone_sword":1,"minecraft:iron_pickaxe":2,"minecraft:leather_leggings":2,"minecraft:stone_pickaxe":2,"minecraft:wooden_axe":2,"duneons:beehive_helmet":1,"minecraft:golden_pickaxe":1},"minecraft:dropped":{"minecraft:porkchop":7,"minecraft:lapis_lazuli":2,"minecraft:diamond":12,"minecraft:crafting_table":1,"duneons:whip":1,"minecraft:cracked_stone_bricks":1,"minecraft:leather_helmet":1,"vampirism:hunter_coat_feet_ultimate":1,"vampirism:hunter_coat_chest_ultimate":1,"minecraft:dirt":2,"duneons:kelpstonebircks":2,"minecraft:gold_nugget":2,"minecraft:bone_block":1,"minecraft:sunflower":2,"minecraft:dark_oak_planks":7,"minecraft:white_wool":2,"minecraft:bone":3,"minecraft:waxed_cut_copper_slab":1,"minecraft:stone_axe":1,"minecraft:iron_nugget":12,"minecraft:cobbled_deepslate":19,"eternal_tales:bronze_coin":29,"minecraft:birch_sapling":9,"minecraft:rotten_flesh":12,"minecraft:oak_planks":2,"minecraft:salmon":15,"vampirism:vampire_fang":1,"minecraft:leather_boots":2,"minecraft:beef":5,"minecraft:egg":1,"eternal_tales:stress_pills":9,"minecraft:wheat_seeds":5,"vampirism:vampire_book":1,"minecraft:cobblestone":55,"eternal_tales:starter_kit":1,"minecraft:apple":5,"minecraft:coal":2,"minecraft:gray_wool":1,"eternal_tales:tea_seeds":1,"eternal_tales:raw_chlorine":23,"eternal_tales:raw_quinine":37,"minecraft:paper":3,"minecraft:string":6,"minecraft:beetroot_soup":2,"minecraft:spruce_sapling":2,"minecraft:furnace":4,"minecraft:stone_sword":1,"eternal_tales:petrified_log":10,"minecraft:diamond_hoe":1,"minecraft:stone_slab":5,"minecraft:polished_deepslate_stairs":2,"minecraft:hay_block":1,"minecraft:spruce_trapdoor":1,"minecraft:spruce_planks":2,"minecraft:fire_coral_block":1,"minecraft:carved_pumpkin":1,"minecraft:spider_eye":4,"minecraft:rabbit_stew":1,"minecraft:bow":2,"botania:lime_mystical_flower":2,"minecraft:dark_prismarine":1,"minecraft:nether_brick_stairs":1,"minecraft:moss_block":2,"minecraft:birch_planks":124,"vampirism:armor_of_swiftness_legs_ultimate":1,"minecraft:baked_potato":39,"minecraft:dark_oak_sapling":3,"duneons:charredgrassblock":2,"duneons:bookshelfvangard":1,"minecraft:jungle_planks":7,"eternal_tales:anthurium":1,"duneons:rapier":1,"minecraft:mutton":2,"gravestone:obituary":24,"minecraft:black_concrete":1,"minecraft:gold_ingot":21,"minecraft:gravel":2,"minecraft:mangrove_roots":1,"botania:brown_mystical_flower":3,"minecraft:pointed_dripstone":1,"minecraft:beetroot":2,"vampirism:blood_bottle":1,"minecraft:poppy":1,"minecraft:leather_chestplate":3,"minecraft:gunpowder":12,"minecraft:birch_trapdoor":1,"minecraft:fire_coral_fan":2,"duneons:beehive_helmet":1,"minecraft:arrow":9,"minecraft:bread":27,"minecraft:lilac":6,"minecraft:tropical_fish":2,"vampirism:amulet":1,"minecraft:stick":24,"duneons:beehive_chestplate":1,"minecraft:tripwire_hook":6,"minecraft:polished_deepslate":1,"minecraft:redstone":7,"minecraft:sweet_berries":2,"vampirism:armor_of_swiftness_head_ultimate":2,"minecraft:coarse_dirt":1,"minecraft:raw_copper":1,"minecraft:raw_iron":2,"botania:overgrowth_seed":1,"minecraft:flint_and_steel":1,"minecraft:shield":2,"duneons:kelpstonebirckscarved":3,"minecraft:fire_coral":1,"minecraft:oak_sapling":20,"minecraft:waxed_oxidized_cut_copper":2,"minecraft:stone_pickaxe":1,"minecraft:nautilus_shell":11},"minecraft:used":{"minecraft:spruce_slab":5,"minecraft:chest":18,"minecraft:stone":10,"minecraft:rotten_flesh":1,"minecraft:dark_oak_slab":1,"minecraft:furnace":6,"minecraft:egg":2,"minecraft:potato":159,"minecraft:mossy_stone_bricks":1,"minecraft:leather_leggings":1,"minecraft:blackstone":3,"minecraft:leather_chestplate":1,"minecraft:wooden_pickaxe":35,"eternal_tales:stress_pills":10,"minecraft:cookie":3,"minecraft:golden_apple":41,"minecraft:glow_berries":7,"eternal_tales:starter_kit":1,"duneons:gatebarsbittoff":2,"minecraft:stone_sword":269,"minecraft:tinted_glass":10,"minecraft:netherrack":232,"minecraft:orange_bed":2,"minecraft:torch":55,"minecraft:anvil":1,"minecraft:mud_brick_stairs":2,"minecraft:iron_axe":147,"minecraft:jungle_log":6,"minecraft:mud_bricks":13,"vampirism:bloody_dark_stone_bricks":1,"minecraft:cobbled_deepslate":2,"minecraft:water_bucket":2,"minecraft:yellow_banner":2,"vampirism:altar_inspiration":1,"minecraft:birch_planks":121,"minecraft:waxed_oxidized_cut_copper":6,"minecraft:leather_boots":1,"minecraft:salmon":1,"minecraft:crafting_table":9,"minecraft:mud":1,"minecraft:dark_prismarine":2,"minecraft:diamond_pickaxe":937,"minecraft:iron_pickaxe":644,"minecraft:leather_helmet":1,"minecraft:cobblestone":250,"minecraft:potion":5,"minecraft:porkchop":1,"minecraft:jukebox":1,"minecraft:waxed_exposed_cut_copper":1,"minecraft:iron_shovel":30,"minecraft:shield":42,"duneons:dungeoncactus":1,"minecraft:jungle_planks":20,"travelersbackpack:pig":12,"minecraft:lantern":1,"minecraft:packed_mud":13,"minecraft:stone_bricks":1,"minecraft:stone_pickaxe":306,"minecraft:oak_planks":40,"minecraft:diamond_axe":3,"duneons:rapier":402,"minecraft:white_wool":2,"minecraft:crossbow":2,"minecraft:dripstone_block":1,"minecraft:stone_brick_wall":136,"duneons:beehive_chestplate":1,"minecraft:bread":8,"minecraft:melon_slice":8,"minecraft:coarse_dirt":2,"minecraft:bone_meal":147,"minecraft:golden_pickaxe":32,"minecraft:stone_shovel":18,"minecraft:spruce_planks":315,"minecraft:dirt":9,"minecraft:wooden_axe":171,"minecraft:dark_oak_planks":1,"minecraft:waxed_cut_copper":1,"duneons:beehive_helmet":1,"minecraft:light_gray_wool":1,"travelersbackpack:ocelot":4,"minecraft:cooked_mutton":1,"duneons:whip":2,"minecraft:iron_ore":20,"minecraft:baked_potato":54,"minecraft:green_bed":2,"minecraft:jungle_wood":1,"minecraft:terracotta":6,"minecraft:map":1,"eternal_tales:og_cave_air":1,"minecraft:stone_axe":133,"minecraft:bucket":1},"minecraft:mined":{"minecraft:dark_oak_planks":16,"minecraft:dark_prismarine_stairs":5,"duneons:dungeoncactus":1,"minecraft:black_terracotta":1,"minecraft:cherry_log":55,"minecraft:jungle_leaves":21,"minecraft:obsidian":1,"minecraft:stone_brick_wall":2,"minecraft:jungle_log":15,"minecraft:hopper":1,"minecraft:spawner":4,"minecraft:tall_seagrass":2,"minecraft:fire":24,"minecraft:sticky_piston":1,"minecraft:barrel":1,"minecraft:deepslate_lapis_ore":12,"minecraft:nether_brick_stairs":1,"duneons:firepumkin":1,"minecraft:cave_vines":2,"minecraft:water_cauldron":2,"eternal_tales:chlorine_ore":9,"botania:brown_mystical_flower":3,"minecraft:iron_block":5,"minecraft:player_head":3,"minecraft:tripwire":6,"minecraft:orange_bed":1,"irons_spellbooks:pedestal":1,"eternal_tales:petrified_log":11,"minecraft:torch":3,"minecraft:note_block":8,"minecraft:blast_furnace":3,"minecraft:melon":5,"minecraft:sugar_cane":7,"minecraft:amethyst_block":5,"minecraft:skeleton_skull":1,"minecraft:jungle_wood":11,"minecraft:mud":1,"minecraft:tinted_glass":79,"minecraft:jukebox":1,"minecraft:grass":67,"eternal_tales:fireplace":1,"minecraft:deepslate":27,"minecraft:dark_prismarine":15,"minecraft:light_gray_stained_glass_pane":1,"duneons:kelpstonebircks":2,"minecraft:dark_oak_log":29,"minecraft:potted_flowering_azalea_bush":1,"minecraft:jungle_planks":3,"minecraft:moss_block":4,"minecraft:redstone_ore":15,"minecraft:waxed_oxidized_cut_copper":8,"minecraft:packed_mud":23,"minecraft:andesite":2,"minecraft:potatoes":83,"minecraft:vine":16,"duneons:planksbambbo":1,"eternal_tales:limestone":15,"minecraft:bamboo":1,"irons_spellbooks:inscription_table":1,"minecraft:bone_block":1,"minecraft:ender_chest":1,"botania:lime_mystical_flower":2,"minecraft:glass_pane":2,"duneons:bookshelfvangard":2,"duneons:gatebarsbittoff":6,"eternal_tales:anthurium":1,"minecraft:campfire":1,"eternal_tales:deepslate_quinine_ore":48,"minecraft:tall_grass":1,"minecraft:copper_ore":24,"minecraft:deepslate_gold_ore":12,"minecraft:coarse_dirt":3,"minecraft:spruce_log":132,"minecraft:birch_leaves":3,"minecraft:mangrove_leaves":12,"minecraft:dark_prismarine_slab":5,"minecraft:dripstone_block":5,"minecraft:cobweb":1,"minecraft:stone_bricks":8,"minecraft:chipped_anvil":1,"minecraft:gold_ore":11,"minecraft:waxed_exposed_cut_copper":3,"minecraft:fern":26,"vampirism:altar_tip":4,"minecraft:waxed_cut_copper_slab":2,"minecraft:spruce_planks":18,"eternal_tales:cloud":13,"minecraft:brewing_stand":1,"eternal_tales:dense_cloud":2,"minecraft:spruce_trapdoor":2,"minecraft:cave_vines_plant":1,"minecraft:grass_block":12,"duneons:bamboo_wood_stairs":1,"minecraft:soul_soil":1,"minecraft:mud_bricks":26,"minecraft:frosted_ice":18,"duneons:charredgrassblock":1,"minecraft:iron_ore":68,"minecraft:anvil":10,"minecraft:pointed_dripstone":2,"minecraft:flowering_azalea_leaves":5,"minecraft:iron_bars":2,"minecraft:spruce_slab":2,"minecraft:green_bed":3,"minecraft:waxed_cut_copper":4,"minecraft:waxed_cut_copper_stairs":1,"minecraft:deepslate_redstone_ore":7,"minecraft:blackstone":21,"minecraft:polished_deepslate_stairs":2,"minecraft:clay":1,"minecraft:chest":12,"eternal_tales:brown_clay":1,"minecraft:cobblestone":11,"minecraft:slime_block":4,"minecraft:oak_planks":13,"eternal_tales:rayana_glowstone":2,"minecraft:wall_torch":1,"minecraft:cauldron":2,"vampirism:bloody_dark_stone_bricks":1,"minecraft:birch_log":70,"minecraft:birch_trapdoor":1,"minecraft:tnt":16,"minecraft:oak_log":30,"minecraft:sand":25,"minecraft:dirt":31,"minecraft:netherrack":659,"minecraft:oak_leaves":68,"minecraft:redstone_lamp":1,"minecraft:diamond_ore":5,"minecraft:crying_obsidian":5,"minecraft:yellow_wall_banner":2,"minecraft:deepslate_diamond_ore":3,"minecraft:mangrove_roots":2,"vampirism:altar_pillar":7,"eternal_tales:og_cave_air":1,"minecraft:glow_lichen":1,"gravestone:gravestone":30,"eternal_tales:karst_stone":8,"duneons:kelpstonebirckscarved":3,"minecraft:spruce_leaves":10,"minecraft:large_fern":1,"minecraft:hay_block":4,"minecraft:furnace":4,"minecraft:raw_gold_block":4,"minecraft:black_concrete":1,"minecraft:gold_block":2,"minecraft:polished_deepslate":1,"minecraft:bookshelf":17,"minecraft:deepslate_iron_ore":26,"minecraft:lantern":5,"minecraft:stripped_oak_log":1,"eternal_tales:rayana_bricks":1,"minecraft:stone":631,"eternal_tales:growing_skill_stone":1,"minecraft:stripped_dark_oak_log":3,"minecraft:crafting_table":3,"minecraft:cyan_stained_glass_pane":2,"minecraft:honey_block":1,"minecraft:sculk_sensor":1,"minecraft:lectern":1,"minecraft:stone_slab":4,"minecraft:deepslate_coal_ore":8,"minecraft:lapis_ore":8,"minecraft:sculk":1,"minecraft:birch_planks":3,"minecraft:coal_ore":92,"minecraft:cracked_stone_bricks":1,"minecraft:terracotta":6,"minecraft:mossy_stone_bricks":1},"minecraft:killed_by":{"minecraft:pillager":3,"minecraft:vindicator":3,"riskofrain_mobs:lemurian_entity":2,"riskofrain_mobs:stone_golem_entity":4,"minecraft:player":1,"minecraft:spider":1,"minecraft:skeleton":1,"minecraft:phantom":1,"irons_spellbooks:archevoker":5},"minecraft:picked_up":{"eternal_tales:karst_stone":8,"minecraft:iron_chestplate":1,"minecraft:anvil":10,"minecraft:prismarine_shard":2,"minecraft:stone_slab":5,"minecraft:brewing_stand":1,"minecraft:golden_sword":1,"minecraft:amethyst_block":1,"minecraft:polished_deepslate":1,"eternal_tales:growing_skill_stone":1,"minecraft:string":28,"minecraft:soul_soil":1,"eternal_tales:og_cave_air":1,"minecraft:beetroot_soup":2,"vampirism:obi_belt":1,"minecraft:beetroot":2,"minecraft:cobbled_deepslate":31,"minecraft:spruce_planks":18,"minecraft:waxed_exposed_cut_copper":2,"minecraft:melon_slice":27,"minecraft:jukebox":1,"eternal_tales:quest_bag":2,"minecraft:green_bed":2,"minecraft:cherry_log":43,"vampirism:amulet":2,"irons_spellbooks:fire_rune":1,"minecraft:cauldron":4,"minecraft:waxed_cut_copper_stairs":1,"minecraft:yellow_banner":2,"minecraft:orange_bed":2,"minecraft:honey_bottle":4,"eternal_tales:totem_of_eternal_darkness":1,"minecraft:stone_sword":1,"vampirism:blood_bottle":10,"minecraft:tropical_fish":2,"minecraft:iron_block":7,"minecraft:carved_pumpkin":1,"minecraft:waxed_cut_copper":3,"minecraft:iron_bars":1,"minecraft:birch_log":64,"minecraft:feather":11,"minecraft:jungle_log":15,"minecraft:brown_wool":1,"minecraft:jungle_wood":11,"travelersbackpack:ocelot":3,"eternal_tales:rayana_bricks":2,"minecraft:lantern":5,"minecraft:chipped_anvil":1,"irons_spellbooks:pedestal":1,"vampirism:altar_pillar":7,"minecraft:moss_block":3,"patchouli:guide_book":1,"duneons:beehive_chestplate":1,"minecraft:ink_sac":18,"minecraft:dark_oak_log":17,"minecraft:barrel":1,"eternal_tales:ectoplasm":21,"eternal_tales:terra_shard":9,"minecraft:writable_book":1,"minecraft:bread":1,"eternal_tales:raw_chlorine":25,"minecraft:coarse_dirt":3,"minecraft:mud":1,"minecraft:crafting_table":2,"gravestone:obituary":5,"minecraft:fire_coral":1,"minecraft:flint_and_steel":2,"travelersbackpack:pig":1,"minecraft:cracked_stone_bricks":1,"minecraft:beef":48,"eternal_tales:limestone_rock":11,"minecraft:iron_nugget":2,"minecraft:poppy":5,"minecraft:spruce_slab":7,"minecraft:birch_sapling":15,"duneons:kelpstonebirckscarved":3,"minecraft:chest":18,"duneons:drownedvinesvariant_2_chestplate":1,"minecraft:diamond_hoe":1,"minecraft:egg":7,"minecraft:raw_gold_block":4,"eternal_tales:petrified_log":10,"eternal_tales:brown_clay_ball":4,"minecraft:carrot":2,"minecraft:redstone":143,"minecraft:prismarine_crystals":4,"botania:overgrowth_seed":1,"minecraft:tnt":16,"duneons:beehive_helmet":1,"minecraft:tube_coral_fan":1,"duneons:planksbambbo":1,"minecraft:hay_block":1,"minecraft:gold_ingot":21,"minecraft:mutton":51,"minecraft:glow_berries":4,"eternal_tales:rayana_glowstone":2,"minecraft:white_wool":28,"minecraft:bone_block":1,"minecraft:stripped_oak_log":1,"vampirism:vampire_blood_bottle":1,"minecraft:mud_bricks":28,"minecraft:tripwire_hook":6,"minecraft:packed_mud":21,"minecraft:oak_log":33,"duneons:charredgrassblock":2,"minecraft:apple":5,"minecraft:stone_bricks":5,"eternal_tales:fireplace":1,"guideapi_vp:vampirism-guidebook":1,"minecraft:iron_sword":1,"minecraft:flowering_azalea":1,"minecraft:dark_oak_slab":1,"minecraft:sweet_berries":2,"minecraft:gravel":2,"minecraft:spruce_sapling":10,"minecraft:spruce_log":123,"minecraft:crying_obsidian":5,"eternal_tales:bronze_coin":37,"minecraft:painting":1,"minecraft:gray_wool":3,"minecraft:stripped_dark_oak_log":3,"botania:brown_mystical_flower":3,"minecraft:hopper":1,"irons_spellbooks:scroll":1,"minecraft:redstone_block":1,"minecraft:potion":2,"minecraft:waxed_cut_copper_slab":1,"minecraft:raw_copper":81,"eternal_tales:stress_pills":23,"minecraft:sticky_piston":1,"minecraft:armor_stand":2,"minecraft:experience_bottle":8,"irons_spellbooks:arcane_essence":2,"duneons:whip":1,"minecraft:ender_eye":8,"irons_spellbooks:inscription_table":1,"eternal_tales:starter_kit":2,"minecraft:furnace":4,"minecraft:stick":54,"minecraft:birch_trapdoor":1,"minecraft:polished_deepslate_stairs":2,"minecraft:torch":9,"duneons:drownedvinesvariant_2_boots":1,"eternal_tales:raw_quinine":40,"minecraft:porkchop":68,"eternal_tales:sea_chest":4,"minecraft:pointed_dripstone":3,"vampirism:vampire_fang":2,"minecraft:rotten_flesh":51,"minecraft:mangrove_roots":1,"minecraft:fire_coral_fan":2,"minecraft:obsidian":9,"minecraft:cobblestone":605,"minecraft:nautilus_shell":12,"vampirism:vampire_book":1,"minecraft:leather_chestplate":1,"minecraft:lilac":6,"minecraft:andesite":3,"minecraft:mud_brick_stairs":2,"minecraft:potato":301,"eternal_tales:tea_seeds":3,"minecraft:lapis_lazuli":132,"minecraft:dirt":43,"minecraft:glass":17,"minecraft:bone":15,"minecraft:bow":3,"minecraft:wheat_seeds":6,"minecraft:raw_gold":28,"vampirism:item_garlic":1,"minecraft:mossy_stone_bricks":1,"minecraft:bamboo":21,"minecraft:oak_planks":28,"minecraft:black_terracotta":1,"minecraft:poisonous_potato":1,"minecraft:jungle_planks":2,"minecraft:sand":24,"minecraft:nether_brick_stairs":1,"eternal_tales:broken_totem_of_rash_decisions":3,"minecraft:dark_prismarine":11,"minecraft:dark_prismarine_slab":5,"minecraft:black_concrete":1,"minecraft:diamond":20,"minecraft:slime_block":4,"waystones:waystone":1,"eternal_tales:anthurium":1,"minecraft:crossbow":3,"minecraft:bone_meal":1,"duneons:rapier":1,"minecraft:golden_apple":6,"minecraft:emerald":5,"minecraft:oak_sapling":16,"minecraft:netherrack":644,"minecraft:charcoal":2,"minecraft:waxed_oxidized_cut_copper":8,"minecraft:chicken":8,"minecraft:rabbit_stew":1,"duneons:kelpstonebircks":2,"minecraft:stone_brick_wall":2,"minecraft:gold_block":2,"minecraft:shield":3,"minecraft:item_frame":19,"minecraft:blackstone":30,"minecraft:dark_prismarine_stairs":4,"duneons:bookshelfvangard":1,"minecraft:player_head":3,"irons_spellbooks:epic_ink":1,"minecraft:light_gray_wool":1,"minecraft:lectern":1,"minecraft:tinted_glass":78,"minecraft:sugar_cane":21,"minecraft:spruce_trapdoor":1,"minecraft:phantom_membrane":1,"minecraft:dark_oak_sapling":6,"minecraft:raw_iron":120,"minecraft:copper_ingot":2,"minecraft:note_block":6,"minecraft:stone_button":1,"minecraft:dark_oak_planks":15,"minecraft:arrow":28,"botania:lime_mystical_flower":2,"minecraft:pumpkin_pie":2,"minecraft:saddle":1,"minecraft:skeleton_skull":1,"eternal_tales:heart_et":4,"minecraft:salmon":18,"minecraft:leather":30,"minecraft:birch_planks":127,"duneons:gatebarsbittoff":6,"minecraft:wooden_hoe":3,"minecraft:cooked_mutton":2,"irons_spellbooks:common_ink":1,"vampirism:human_heart":1,"minecraft:fire_coral_block":1,"minecraft:iron_ingot":1,"vampirism:bloody_dark_stone_bricks":1,"minecraft:acacia_sapling":1,"minecraft:book":48,"duneons:bamboo_wood_stairs":1,"minecraft:stone_brick_slab":2,"duneons:dungeoncactus":1,"minecraft:dripstone_block":4,"minecraft:blast_furnace":3,"eternal_tales:ruby_shard":3,"minecraft:spider_eye":12,"vampirism:altar_tip":4,"minecraft:honey_block":1,"minecraft:cherry_sapling":11,"minecraft:terracotta":6,"minecraft:black_wool":1,"minecraft:coal":98,"minecraft:sunflower":2},"minecraft:crafted":{"minecraft:glass_bottle":12,"minecraft:copper_ingot":36,"minecraft:iron_pickaxe":3,"minecraft:gold_ingot":25,"minecraft:bone_meal":147,"minecraft:spruce_slab":48,"minecraft:stone_pickaxe":2,"minecraft:redstone_block":8,"minecraft:dark_oak_planks":68,"minecraft:crossbow":1,"chiselsandbits:chisel_iron":1,"minecraft:wooden_axe":4,"minecraft:oak_planks":132,"minecraft:stone":305,"vampirism:altar_inspiration":1,"minecraft:chest":6,"minecraft:stone_bricks":216,"minecraft:crafting_table":8,"minecraft:spruce_planks":496,"minecraft:wooden_pickaxe":1,"minecraft:baked_potato":89,"minecraft:gold_block":10,"minecraft:birch_planks":256,"minecraft:stick":66,"minecraft:iron_ingot":330,"minecraft:stone_sword":2,"artifacts:eternal_steak":1,"minecraft:stone_brick_wall":210,"minecraft:furnace":6,"minecraft:diamond_block":10,"minecraft:iron_axe":1,"minecraft:bucket":1,"minecraft:stone_axe":2,"minecraft:air":0,"minecraft:jungle_planks":76,"minecraft:gold_nugget":9,"vampirism:blood_container":1,"minecraft:torch":48}},"DataVersion":3465}