{"stats":{"minecraft:killed_by":{"vampirism:advanced_vampire":2,"irons_spellbooks:summoned_skeleton":3,"minecraft:creeper":1,"minecraft:pillager":1,"eternal_tales:flower_zombie":1,"irons_spellbooks:necromancer":9,"riskofrain_mobs:lemurian_entity":3,"minecraft:skeleton":2,"minecraft:zombie":2},"minecraft:used":{"minecraft:moss_block":2,"minecraft:stone_sword":66,"minecraft:spruce_planks":139,"minecraft:chest":4,"minecraft:shield":8,"minecraft:cooked_chicken":1,"minecraft:torch":24,"minecraft:dirt":14,"minecraft:mutton":4,"eternal_tales:charged_copper_sword":23,"vampirism:item_tent":2,"eternal_tales:gardeners_pot":1,"minecraft:sweet_berries":9,"minecraft:furnace":3,"minecraft:egg":2,"minecraft:cooked_beef":1,"minecraft:potato":20,"minecraft:leather_leggings":1,"minecraft:spruce_door":1,"duneons:charredgrassblock":3,"minecraft:stone_pickaxe":210,"minecraft:baked_potato":5,"minecraft:leather_chestplate":1,"minecraft:wooden_pickaxe":57,"eternal_tales:stress_pills":2,"minecraft:leather_boots":1,"minecraft:crafting_table":8,"minecraft:white_bed":3,"eternal_tales:tikitorch":8,"minecraft:wooden_hoe":40,"minecraft:apple":3,"eternal_tales:starter_kit":1,"minecraft:leather_helmet":1,"minecraft:spruce_sapling":8,"minecraft:stone_axe":429,"minecraft:cobblestone":7,"eternal_tales:copper_sword":24},"minecraft:crafted":{"eternal_tales:stone_stick":4,"minecraft:smooth_stone":6,"minecraft:oak_planks":8,"minecraft:cobblestone_slab":6,"minecraft:smooth_stone_slab":6,"minecraft:cooked_chicken":1,"minecraft:furnace":2,"minecraft:stone":6,"minecraft:glass":14,"minecraft:stone_pickaxe":2,"minecraft:chest":4,"eternal_tales:gardeners_pot":1,"minecraft:jungle_fence":3,"minecraft:cooked_beef":1,"eternal_tales:copper_sword":1,"minecraft:crafting_table":4,"minecraft:spruce_planks":316,"travelersbackpack:backpack_tank":2,"minecraft:wooden_pickaxe":1,"minecraft:baked_potato":5,"minecraft:spruce_door":3,"minecraft:copper_ingot":7,"eternal_tales:tikitorch":6,"minecraft:stone_axe":3,"minecraft:air":0,"minecraft:jungle_planks":4,"minecraft:wooden_hoe":1,"minecraft:charcoal":64,"minecraft:shield":1,"minecraft:stick":12,"chiselsandbits:chisel_iron":1,"minecraft:iron_ingot":23,"minecraft:white_bed":1,"minecraft:torch":36},"minecraft:picked_up":{"minecraft:crafting_table":4,"minecraft:chicken":1,"minecraft:gold_block":1,"gravestone:obituary":14,"minecraft:raw_copper":7,"eternal_tales:stress_pills":4,"vampirism:obi_belt":1,"minecraft:cobbled_deepslate":3,"minecraft:spruce_planks":9,"eternal_tales:starter_kit":1,"minecraft:egg":2,"minecraft:furnace":1,"minecraft:stick":33,"minecraft:raw_iron":23,"minecraft:sandstone":4,"minecraft:redstone":10,"botania:white_mystical_flower":1,"minecraft:arrow":1,"vampirism:blood_bottle":1,"minecraft:rotten_flesh":9,"minecraft:mutton":4,"minecraft:snowball":86,"minecraft:white_wool":3,"minecraft:cobblestone":87,"duneons:dungeonscharreddirt":2,"vampirism:vampire_blood_bottle":1,"vampirism:item_tent":2,"minecraft:jungle_log":2,"minecraft:potato":1,"minecraft:tuff":1,"minecraft:oak_log":4,"minecraft:lapis_lazuli":35,"minecraft:dirt":32,"duneons:charredgrassblock":7,"minecraft:apple":1,"minecraft:bow":2,"minecraft:wheat_seeds":8,"vampirism:altar_pillar":1,"guideapi_vp:vampirism-guidebook":1,"minecraft:moss_block":2,"minecraft:scaffolding":4,"minecraft:sweet_berries":8,"minecraft:sand":14,"minecraft:spruce_sapling":39,"minecraft:stripped_spruce_log":1,"eternal_tales:tikitorch":2,"vampirism:altar_infusion":1,"minecraft:white_bed":2,"minecraft:spruce_log":314,"minecraft:spider_eye":2,"minecraft:mossy_cobblestone":6,"eternal_tales:anthurium":1,"duneons:crystalminecart":1,"minecraft:oak_sapling":2,"minecraft:netherrack":1,"minecraft:coal":41,"eternal_tales:raw_chlorine":4},"minecraft:broken":{"minecraft:leather_helmet":1,"minecraft:leather_leggings":1,"minecraft:leather_boots":1,"minecraft:stone_axe":3},"minecraft:dropped":{"duneons:crystalminecart":2,"minecraft:lapis_lazuli":1,"eternal_tales:anthurium":1,"minecraft:dirt":1,"vampirism:altar_pillar":1,"minecraft:snowball":74,"gravestone:obituary":31,"guideapi_vp:vampirism-guidebook":1,"minecraft:spider_eye":1,"minecraft:sandstone":4,"minecraft:scaffolding":4},"minecraft:custom":{"minecraft:mob_kills":22,"minecraft:interact_with_crafting_table":44,"minecraft:damage_dealt_resisted":122,"minecraft:leave_game":1,"minecraft:time_since_death":18084,"minecraft:climb_one_cm":6272,"minecraft:sprint_one_cm":305015,"minecraft:walk_one_cm":509853,"minecraft:damage_blocked_by_shield":480,"minecraft:drop":78,"minecraft:play_time":191825,"minecraft:deaths":28,"minecraft:sneak_time":246,"minecraft:walk_under_water_one_cm":10415,"minecraft:jump":1749,"minecraft:walk_on_water_one_cm":19602,"minecraft:total_world_time":191825,"minecraft:interact_with_furnace":42,"minecraft:sleep_in_bed":8,"minecraft:time_since_rest":492,"minecraft:damage_taken":8351,"minecraft:damage_dealt":4594,"minecraft:swim_one_cm":20633,"minecraft:fly_one_cm":83356,"minecraft:open_chest":58,"minecraft:crouch_one_cm":157,"minecraft:fall_one_cm":32674},"minecraft:killed":{"irons_spellbooks:summoned_zombie":4,"vampirism:advanced_vampire":2,"minecraft:spider":2,"minecraft:chicken":1,"irons_spellbooks:summoned_skeleton":1,"minecraft:zombie_villager":1,"riskofrain_mobs:lemurian_entity":1,"minecraft:sheep":3,"minecraft:zombie":3},"minecraft:mined":{"minecraft:tuff":1,"minecraft:spruce_planks":11,"minecraft:white_bed":2,"minecraft:farmland":3,"minecraft:mossy_cobblestone":8,"minecraft:jungle_leaves":1,"vampirism:altar_pillar":1,"gravestone:gravestone":26,"minecraft:grass_block":8,"minecraft:jungle_log":3,"minecraft:spruce_leaves":17,"minecraft:moss_block":2,"minecraft:sandstone":4,"minecraft:large_fern":4,"duneons:charredgrassblock":7,"eternal_tales:tikitorch":2,"minecraft:furnace":1,"minecraft:iron_ore":23,"minecraft:fire":1,"minecraft:cobbled_deepslate":3,"duneons:redstonecrystal_3":1,"minecraft:stripped_spruce_log":1,"vampirism:tent":2,"vampirism:altar_infusion":1,"eternal_tales:chlorine_ore":2,"minecraft:stone":71,"minecraft:podzol":1,"minecraft:powder_snow":20,"minecraft:crafting_table":4,"eternal_tales:anthurium":1,"minecraft:tall_grass":3,"minecraft:copper_ore":2,"minecraft:cobblestone":34,"minecraft:lapis_ore":5,"minecraft:sweet_berry_bush":3,"minecraft:ice":3,"minecraft:spruce_log":391,"minecraft:grass":31,"botania:white_mystical_flower":1,"minecraft:coal_ore":39,"minecraft:oak_log":4,"minecraft:sand":15,"minecraft:dirt":22,"duneons:dungeonscharreddirt":3,"minecraft:netherrack":1,"duneons:redstonedusts":1,"minecraft:oak_leaves":11,"minecraft:fern":28}},"DataVersion":3465}