{"stats":{"minecraft:killed":{"vampirism:advanced_vampire":2,"minecraft:spider":4,"minecraft:skeleton":5,"minecraft:chicken":1,"irons_spellbooks:summoned_skeleton":1,"minecraft:zombie_villager":1,"riskofrain_mobs:lemurian_entity":1,"minecraft:sheep":3,"minecraft:pillager":3,"minecraft:zombie":6,"eternal_tales:spirit":1,"eternal_tales:sunflower_spider":2,"irons_spellbooks:summoned_zombie":4,"eternal_tales:flower_zombie":2},"minecraft:used":{"minecraft:moss_block":5,"minecraft:chest":9,"minecraft:shield":32,"minecraft:iron_sword":1,"minecraft:iron_chestplate":1,"minecraft:mutton":4,"minecraft:jungle_planks":60,"vampirism:item_tent":2,"minecraft:sweet_berries":9,"minecraft:furnace":3,"minecraft:egg":2,"minecraft:potato":20,"minecraft:leather_leggings":1,"minecraft:spruce_door":2,"duneons:charredgrassblock":3,"minecraft:stone_pickaxe":227,"minecraft:oak_planks":31,"minecraft:leather_chestplate":1,"minecraft:wooden_pickaxe":65,"eternal_tales:stress_pills":2,"artifacts:eternal_steak":22,"eternal_tales:tea_seeds":1,"eternal_tales:tikitorch":8,"eternal_tales:starter_kit":1,"minecraft:coarse_dirt":41,"eternal_tales:copper_sword":24,"minecraft:stone_sword":67,"minecraft:flint_and_steel":24,"minecraft:stone_shovel":143,"minecraft:spruce_planks":139,"eternal_tales:gold_lantern":4,"botania:green_mystical_flower":1,"minecraft:cooked_chicken":1,"minecraft:torch":37,"minecraft:dirt":46,"eternal_tales:charged_copper_sword":222,"botania:light_gray_petal":2,"minecraft:wooden_axe":62,"minecraft:iron_boots":1,"eternal_tales:gardeners_pot":1,"minecraft:cooked_beef":1,"minecraft:golden_axe":23,"minecraft:birch_planks":31,"minecraft:baked_potato":5,"duneons:coarsedirt_2":1,"minecraft:green_bed":1,"minecraft:leather_boots":1,"minecraft:crafting_table":10,"minecraft:white_bed":4,"botania:apothecary_default":1,"minecraft:spruce_log":55,"minecraft:wooden_hoe":40,"minecraft:apple":3,"minecraft:iron_pickaxe":13,"minecraft:leather_helmet":1,"minecraft:spruce_sapling":8,"minecraft:stone_axe":593,"minecraft:cobblestone":7,"minecraft:bucket":1},"minecraft:dropped":{"minecraft:iron_sword":1,"minecraft:lapis_lazuli":1,"botania:red_mystical_flower":1,"minecraft:glow_berries":1,"eternal_tales:anthurium":5,"minecraft:flint":3,"minecraft:dirt":4,"vampirism:altar_pillar":7,"minecraft:snowball":94,"minecraft:jungle_sapling":1,"gravestone:obituary":59,"minecraft:sunflower":1,"eternal_tales:gold_chain":2,"vampirism:blood_bottle":1,"guideapi_vp:vampirism-guidebook":1,"minecraft:arrow":3,"minecraft:scaffolding":4,"botania:red_double_flower":1,"duneons:crystalminecart":2,"minecraft:wheat_seeds":4,"minecraft:mossy_cobblestone":1,"minecraft:feather":2,"minecraft:cobblestone":14,"minecraft:apple":1,"minecraft:spruce_door":1,"minecraft:stick":6,"eternal_tales:charged_copper_sword":1,"eternal_tales:tea_seeds":1,"minecraft:torch":1,"minecraft:wooden_hoe":1,"minecraft:moss_carpet":1,"minecraft:stone_sword":2,"botania:light_gray_petal":5,"vampirism:obi_belt":1,"vampirism:armor_of_swiftness_chest_ultimate":1,"minecraft:flint_and_steel":1,"botania:cyan_mystical_flower":1,"minecraft:spruce_planks":7,"minecraft:mossy_stone_bricks":1,"minecraft:spider_eye":1,"minecraft:sandstone":4,"minecraft:wooden_pickaxe":1},"minecraft:killed_by":{"vampirism:advanced_vampire":2,"riskofrain_mobs:stone_golem_entity":4,"minecraft:creeper":2,"minecraft:pillager":3,"minecraft:ravager":2,"minecraft:zombie":3,"irons_spellbooks:summoned_skeleton":3,"eternal_tales:flower_zombie":1,"irons_spellbooks:necromancer":9,"riskofrain_mobs:lemurian_entity":6,"minecraft:skeleton":7},"minecraft:custom":{"lootr:looted_stat":14,"minecraft:interact_with_crafting_table":58,"minecraft:leave_game":2,"minecraft:time_since_death":406,"minecraft:sprint_one_cm":648839,"minecraft:damage_blocked_by_shield":2100,"minecraft:drop":181,"minecraft:play_time":360607,"minecraft:deaths":47,"minecraft:jump":3082,"minecraft:walk_on_water_one_cm":32139,"minecraft:interact_with_furnace":51,"minecraft:sleep_in_bed":13,"minecraft:damage_dealt":9923,"minecraft:player_kills":1,"minecraft:crouch_one_cm":456,"minecraft:inspect_dispenser":7,"minecraft:inspect_dropper":3,"minecraft:mob_kills":52,"minecraft:damage_dealt_resisted":122,"minecraft:climb_one_cm":24282,"minecraft:walk_one_cm":1044316,"minecraft:sneak_time":422,"minecraft:walk_under_water_one_cm":22763,"minecraft:total_world_time":360607,"minecraft:time_since_rest":248,"minecraft:damage_taken":15349,"minecraft:swim_one_cm":98433,"minecraft:fly_one_cm":172064,"minecraft:open_chest":117,"minecraft:fall_one_cm":60732},"minecraft:crafted":{"minecraft:smooth_stone":6,"minecraft:oak_planks":60,"minecraft:cobblestone_slab":6,"minecraft:cooked_chicken":1,"minecraft:stone":6,"minecraft:glass":14,"eternal_tales:gardeners_pot":1,"minecraft:chest":8,"botania:light_gray_petal":8,"minecraft:crafting_table":5,"minecraft:spruce_planks":512,"minecraft:wooden_pickaxe":2,"minecraft:baked_potato":5,"minecraft:spruce_door":3,"minecraft:copper_ingot":7,"eternal_tales:tikitorch":6,"minecraft:birch_planks":56,"minecraft:wooden_hoe":1,"minecraft:charcoal":64,"minecraft:shield":1,"minecraft:stick":16,"minecraft:iron_ingot":24,"minecraft:gold_ingot":9,"botania:apothecary_default":1,"eternal_tales:stone_stick":4,"minecraft:smooth_stone_slab":6,"minecraft:furnace":2,"minecraft:stone_pickaxe":2,"minecraft:jungle_fence":3,"minecraft:cooked_beef":1,"eternal_tales:copper_sword":1,"travelersbackpack:backpack_tank":2,"minecraft:bucket":1,"minecraft:stone_axe":3,"minecraft:air":0,"minecraft:jungle_planks":128,"chiselsandbits:chisel_iron":1,"minecraft:wooden_axe":1,"minecraft:white_bed":1,"minecraft:acacia_planks":20,"minecraft:torch":36},"minecraft:mined":{"minecraft:dark_oak_planks":1,"minecraft:spruce_planks":11,"minecraft:white_bed":3,"minecraft:farmland":3,"botania:red_mystical_flower":4,"minecraft:jungle_leaves":28,"minecraft:cave_vines_plant":2,"minecraft:acacia_log":6,"minecraft:grass_block":77,"minecraft:infested_cobblestone":2,"minecraft:jungle_log":49,"botania:light_gray_mystical_flower":4,"duneons:charredgrassblock":7,"botania:purple_mystical_flower":1,"eternal_tales:tikitorch":2,"minecraft:iron_ore":23,"minecraft:fire":19,"minecraft:cobbled_deepslate":3,"vampirism:tent":2,"duneons:firepumkin":1,"minecraft:cave_vines":2,"eternal_tales:brown_rose":1,"eternal_tales:chlorine_ore":2,"minecraft:green_bed":1,"botania:green_mystical_flower":1,"eternal_tales:gold_lantern_top":4,"minecraft:powder_snow":20,"minecraft:chest":1,"minecraft:cobblestone":39,"minecraft:oak_planks":1,"minecraft:sugar_cane":1,"minecraft:wall_torch":1,"minecraft:jungle_wood":1,"minecraft:birch_log":14,"minecraft:grass":132,"minecraft:oak_log":18,"minecraft:sand":15,"minecraft:dirt":43,"eternal_tales:flowering_log":30,"duneons:dungeonscharreddirt":3,"duneons:redstonedusts":1,"minecraft:netherrack":1,"minecraft:oak_leaves":56,"minecraft:tuff":1,"minecraft:mossy_cobblestone":9,"eternal_tales:black_tulip":1,"vampirism:altar_pillar":4,"gravestone:gravestone":42,"minecraft:jungle_planks":1,"minecraft:spruce_leaves":18,"minecraft:rooted_dirt":23,"minecraft:moss_block":33,"minecraft:sandstone":4,"eternal_tales:flowering_leaves":60,"minecraft:large_fern":4,"minecraft:furnace":1,"duneons:redstonecrystal_3":1,"minecraft:acacia_wood":3,"minecraft:andesite":4,"minecraft:stripped_spruce_log":1,"eternal_tales:gold_chain":2,"vampirism:altar_infusion":1,"minecraft:vine":8,"minecraft:bamboo":2,"minecraft:stone":74,"minecraft:podzol":5,"minecraft:acacia_leaves":11,"minecraft:hanging_roots":1,"minecraft:crafting_table":5,"eternal_tales:anthurium":4,"duneons:coarsedirt_2":1,"minecraft:copper_ore":2,"minecraft:tall_grass":9,"minecraft:lapis_ore":5,"botania:red_double_flower":1,"minecraft:birch_planks":1,"minecraft:coarse_dirt":49,"minecraft:sweet_berry_bush":3,"minecraft:ice":3,"minecraft:spruce_log":393,"botania:white_mystical_flower":1,"minecraft:coal_ore":39,"minecraft:mossy_stone_bricks":1,"minecraft:fern":68},"minecraft:picked_up":{"minecraft:flower_pot":1,"minecraft:string":9,"minecraft:raw_copper":7,"eternal_tales:stress_pills":4,"vampirism:obi_belt":1,"minecraft:cobbled_deepslate":3,"minecraft:spruce_planks":9,"eternal_tales:starter_kit":1,"minecraft:furnace":1,"minecraft:stick":43,"minecraft:torch":2,"minecraft:acacia_log":5,"minecraft:green_bed":1,"botania:white_mystical_flower":1,"duneons:firepumkin":1,"vampirism:blood_bottle":2,"eternal_tales:green_arrow_emblem":1,"minecraft:rotten_flesh":22,"botania:light_gray_mystical_flower":4,"minecraft:iron_block":2,"minecraft:snowball":106,"minecraft:cobblestone":96,"minecraft:birch_log":14,"eternal_tales:gold_lantern":4,"minecraft:feather":3,"minecraft:jungle_log":44,"minecraft:andesite":4,"minecraft:potato":2,"minecraft:tuff":1,"eternal_tales:tea_seeds":2,"minecraft:lapis_lazuli":35,"minecraft:dirt":136,"eternal_tales:gold_chain":2,"minecraft:bone":3,"botania:cyan_mystical_flower":2,"minecraft:bow":2,"minecraft:wheat_seeds":37,"vampirism:altar_pillar":7,"minecraft:mossy_stone_bricks":1,"minecraft:bamboo":8,"minecraft:moss_block":32,"minecraft:oak_planks":2,"botania:red_mystical_flower":4,"minecraft:poisonous_potato":1,"minecraft:sand":14,"minecraft:jungle_planks":1,"minecraft:stripped_spruce_log":1,"minecraft:barrel":1,"minecraft:mossy_cobblestone":8,"eternal_tales:ectoplasm":9,"eternal_tales:terra_shard":4,"eternal_tales:anthurium":5,"duneons:crystalminecart":1,"minecraft:rooted_dirt":23,"minecraft:oak_sapling":12,"minecraft:netherrack":1,"eternal_tales:raw_chlorine":4,"minecraft:crafting_table":5,"minecraft:coarse_dirt":49,"minecraft:chicken":1,"minecraft:ladder":1,"minecraft:gold_block":2,"gravestone:obituary":22,"minecraft:cornflower":1,"minecraft:iron_axe":1,"minecraft:moss_carpet":1,"eternal_tales:charged_copper_sword":1,"minecraft:jungle_sapling":5,"minecraft:chest":1,"minecraft:sugar_cane":3,"minecraft:birch_sapling":2,"minecraft:phantom_membrane":1,"minecraft:egg":2,"minecraft:raw_iron":23,"minecraft:sandstone":4,"minecraft:carrot":2,"minecraft:redstone":10,"minecraft:arrow":7,"minecraft:glow_berries":1,"botania:green_mystical_flower":1,"minecraft:mutton":4,"minecraft:white_wool":3,"duneons:dungeonscharreddirt":2,"vampirism:vampire_blood_bottle":1,"vampirism:item_tent":2,"minecraft:acacia_wood":2,"minecraft:birch_planks":1,"minecraft:oak_log":18,"minecraft:white_banner":1,"duneons:charredgrassblock":7,"minecraft:apple":2,"guideapi_vp:vampirism-guidebook":1,"minecraft:acacia_sapling":3,"minecraft:iron_sword":1,"minecraft:scaffolding":4,"minecraft:sweet_berries":8,"duneons:coarsedirt_2":1,"minecraft:spruce_sapling":39,"eternal_tales:tikitorch":2,"minecraft:spruce_log":316,"minecraft:white_bed":3,"vampirism:altar_infusion":1,"minecraft:spider_eye":4,"eternal_tales:flowering_log":30,"eternal_tales:bronze_coin":11,"botania:red_double_flower":1,"minecraft:coal":41,"vampirism:armor_of_swiftness_chest_ultimate":1,"minecraft:sunflower":1},"minecraft:broken":{"minecraft:leather_leggings":1,"minecraft:stone_axe":4,"minecraft:wooden_axe":1,"minecraft:stone_shovel":1,"minecraft:leather_helmet":1,"minecraft:leather_chestplate":1,"minecraft:leather_boots":1}},"DataVersion":3465}